,,,,,,,,,
Cable ID,Cable code,Voltage level,Current Capacity (A) at 20°C ...,Current Capacity (A) at 20°C :.,Resistance (ohm/km),Inductance ... (mH/km),Inductance :. (mH/km),Capacitance (uF/km),Price (TL/km)
1,1x10 mm2,0.6/1 kV,81,69,1.83,0.34,0.41,NA,102300
2,1x16 mm2,0.6/1 kV,108,92,1.15,0.317,0.387,NA,156600
3,1x25 mm2,0.6/1 kV,146,124,0.727,0.304,0.374,NA,241400
4,1x35 mm2,0.6/1 kV,180,153,0.524,0.291,0.36,NA,328300
5,1x50 mm2,0.6/1 kV,220,187,0.387,0.281,0.351,NA,434000
6,1x70 mm2,0.6/1 kV,279,237,0.268,0.272,0.341,NA,623000
7,1x95 mm2,0.6/1 kV,347,294,0.193,0.264,0.333,NA,847000
8,1x120 mm2,0.6/1 kV,405,343,0.153,0.259,0.329,NA,1080000
9,3x16+10 mm2,0.6/1 kV,NA,89,1.15,NA,0.264,NA,640000
10,3x25+16 mm2,0.6/1 kV,NA,120,0.727,NA,0.265,NA,990000
11,3x35+16 mm2,0.6/1 kV,NA,147,0.524,NA,0.258,NA,1300000
12,3x50+25 mm2,0.6/1 kV,NA,179,0.387,NA,0.256,NA,1750000
13,3x70+35 mm2,0.6/1 kV,NA,224,0.268,NA,0.253,NA,2520000
14,3x95+50 mm2,0.6/1 kV,NA,277,0.193,NA,0.247,NA,3400000
15,3x120+70 mm2,0.6/1 kV,NA,323,0.153,NA,0.246,NA,4400000
16,3x150+70 mm2,0.6/1 kV,NA,368,0.124,NA,0.248,NA,5200000
17,1x25 mm2,3.6/6 kV,196,163,0.727,0.77,0.43,0.25,351000
18,1x35 mm2,3.6/6 kV,238,198,0.524,0.75,0.41,0.28,532000
19,1x50 mm2,3.6/6 kV,286,238,0.387,0.72,0.39,0.31,638000
20,1x70 mm2,3.6/6 kV,356,296,0.268,0.68,0.37,0.36,825000
21,1x95 mm2,3.6/6 kV,434,361,0.193,0.65,0.36,0.4,1070000
22,1x120 mm2,3.6/6 kV,600,417,0.153,0.63,0.34,0.44,1300000
23,1x150 mm2,3.6/6 kV,559,473,0.124,0.62,0.33,0.48,1640000
24,1x185 mm2,3.6/6 kV,637,543,0.0991,0.6,0.32,0.52,1950000
25,3x25+16 mm2,3.6/6 kV,NA,143,0.727,NA,0.37,0.25,1647000
26,3x35+16 mm2,3.6/6 kV,NA,172,0.524,NA,0.35,0.28,2002000
27,3x50+16 mm2,3.6/6 kV,NA,205,0.387,NA,0.34,0.3,2594000
28,3x70+16 mm2,3.6/6 kV,NA,253,0.268,NA,0.32,0.35,3450000
29,3x95+16 mm2,3.6/6 kV,NA,307,0.193,NA,0.31,0.39,4727000
30,3x120+16 mm2,3.6/6 kV,NA,352,0.153,NA,0.3,0.43,5784000
31,3x150+25 mm2,3.6/6 kV,NA,397,0.124,NA,0.29,0.47,6963000
32,3x185+25 mm2,3.6/6 kV,NA,453,0.0991,NA,0.28,0.5,8481000
33,1x35 mm2,6/10 kV,231,195,0.524,0.661,0.383,0.223,785100
34,1x50 mm2,6/10 kV,277,234,0.387,0.636,0.366,0.248,944900
35,1x70 mm2,6/10 kV,345,292,0.268,0.606,0.349,0.285,1226000
36,1x95 mm2,6/10 kV,418,354,0.193,0.582,0.334,0.32,1533000
37,1x120 mm2,6/10 kV,481,407,0.153,0.563,0.323,0.35,1872000
38,1x150 mm2,6/10 kV,537,460,0.124,0.546,0.313,0.382,2362000
39,1x185 mm2,6/10 kV,612,527,0.0991,0.529,0.304,0.415,2838000
40,3x35 mm2,6/10 kV,NA,173,0.524,NA,0.374,0.189,2127000
41,3x50 mm2,6/10 kV,NA,206,0.387,NA,0.355,0.209,2716000
42,3x70 mm2,6/10 kV,NA,257,0.268,NA,0.336,0.236,3603000
43,3x95 mm2,6/10 kV,NA,313,0.193,NA,0.32,0.263,4901000
44,3x120 mm2,6/10 kV,NA,360,0.153,NA,0.308,0.291,5934000
45,3x150 mm2,6/10 kV,NA,410,0.124,NA,0.299,0.314,7125000
46,3x185 mm2,6/10 kV,NA,469,0.0991,NA,0.29,0.341,8659000
47,1x95 mm2,12/20 kV,420,358,0.193,0.59,0.36,0.218,1560000
48,1x120 mm2,12/20 kV,483,412,0.153,0.571,0.349,0.238,1906000
49,1x150 mm2,12/20 kV,540,466,0.124,0.554,0.338,0.258,2393000
50,1x185 mm2,12/20 kV,614,534,0.0991,0.538,0.329,0.278,2877000
51,1x240 mm2,12/20 kV,718,627,0.0754,0.518,0.317,0.308,3543000
52,1x300 mm2,12/20 kV,813,715,0.0601,0.501,0.308,0.336,4455000
53,1x400 mm2,12/20 kV,904,819,0.047,0.48,0.298,0.377,5669000
54,1x150 mm2,20.3/35 kV,559,473,0.124,0.64,0.41,0.17,1720000
55,1x185 mm2,20.3/35 kV,637,543,0.0991,0.63,0.39,0.18,2020000
56,1x240 mm2,20.3/35 kV,745,641,0.0754,0.6,0.38,0.2,2530000
57,1x300 mm2,20.3/35 kV,846,735,0.0601,0.59,0.37,0.21,3150000
58,1x400 mm2,20.3/35 kV,938,845,0.047,0.57,0.35,0.23,4100000
59,1x500 mm2,20.3/35 kV,1010,950,0.0366,0.55,0.34,0.26,5150000
60,1x630 mm2,20.3/35 kV,1120,1040,0.0283,0.52,0.33,0.29,6550000
61,3x95 mm2,20.3/35 kV,NA,307,0.193,NA,0.4,0.15,4600000
62,3x120 mm2,20.3/35 kV,NA,352,0.153,NA,0.39,0.16,5500000
63,3x150 mm2,20.3/35 kV,NA,397,0.124,NA,0.37,0.17,6400000
64,3x185 mm2,20.3/35 kV,NA,453,0.0991,NA,0.36,0.18,7500000
65,3x240 mm2,20.3/35 kV,NA,529,0.0754,NA,0.35,0.2,9400000
66,3x300 mm2,20.3/35 kV,NA,626,0.0601,NA,0.29,0.22,11300000
67,3x400 mm2,20.3/35 kV,NA,720,0.047,NA,0.28,0.24,14300000
